promo_code,promo_type,discount_value,min_order_value,start_date,end_date,is_active,updated_at
PROMO0001,FREE_DELIVERY,159,458,2025-08-12,2026-06-09,False,2026-05-14 18:01:51.888429
PROMO0002,FREE_DELIVERY,140,341,2026-02-28,2026-07-01,True,2026-05-14 18:01:51.888429
PROMO0003,FREE_DELIVERY,401,218,2026-02-03,2026-06-11,True,2026-05-14 18:01:51.888936
PROMO0004,FREE_DELIVERY,277,418,2025-09-13,2026-06-09,False,2026-05-14 18:01:51.888936
PROMO0005,FLAT,492,434,2025-08-21,2026-06-01,False,2026-05-14 18:01:51.888936
PROMO0006,FLAT,187,662,2026-01-24,2026-06-07,True,2026-05-14 18:01:51.888936
PROMO0007,PERCENTAGE,78,671,2025-06-26,2026-07-03,False,2026-05-14 18:01:51.888936
PROMO0008,FLAT,165,711,2025-07-20,2026-05-14,False,2026-05-14 18:01:51.888936
PROMO0009,FREE_DELIVERY,119,567,2025-08-24,2026-06-18,False,2026-05-14 18:01:51.888936
PROMO0010,FREE_DELIVERY,401,256,2026-03-05,2026-07-08,True,2026-05-14 18:01:51.888936
PROMO0011,PERCENTAGE,397,491,2025-10-02,2026-08-04,False,2026-05-14 18:01:51.888936
PROMO0012,FREE_DELIVERY,184,587,2025-05-20,2026-07-15,False,2026-05-14 18:01:51.888936
PROMO0013,FREE_DELIVERY,160,815,2026-03-19,2026-06-23,False,2026-05-14 18:01:51.888936
PROMO0014,FREE_DELIVERY,104,766,2026-03-26,2026-06-10,True,2026-05-14 18:01:51.888936
PROMO0015,PERCENTAGE,423,520,2025-09-30,2026-06-14,True,2026-05-14 18:01:51.888936
PROMO0016,FREE_DELIVERY,462,813,2026-02-11,2026-06-27,True,2026-05-14 18:01:51.888936
PROMO0017,FLAT,91,881,2026-04-02,2026-07-27,True,2026-05-14 18:01:51.888936
PROMO0018,FLAT,404,255,2026-01-07,2026-08-02,True,2026-05-14 18:01:51.890069
PROMO0019,FLAT,163,344,2025-10-16,2026-05-20,False,2026-05-14 18:01:51.890069
PROMO0020,FLAT,131,913,2026-03-02,2026-07-14,False,2026-05-14 18:01:51.890069
PROMO0021,FREE_DELIVERY,477,325,2026-03-07,2026-07-29,False,2026-05-14 18:01:51.890069
PROMO0022,FREE_DELIVERY,306,663,2025-09-12,2026-06-29,True,2026-05-14 18:01:51.890069
PROMO0023,FREE_DELIVERY,339,708,2026-01-16,2026-06-17,False,2026-05-14 18:01:51.890069
PROMO0024,FLAT,302,980,2025-10-31,2026-07-30,True,2026-05-14 18:01:51.890069
PROMO0025,FLAT,257,405,2026-01-19,2026-07-14,True,2026-05-14 18:01:51.890069
PROMO0026,FLAT,354,373,2025-10-23,2026-07-29,False,2026-05-14 18:01:51.890069
PROMO0027,PERCENTAGE,442,367,2025-12-20,2026-06-12,True,2026-05-14 18:01:51.890069
PROMO0028,PERCENTAGE,367,428,2025-08-11,2026-06-28,False,2026-05-14 18:01:51.890069
PROMO0029,FLAT,284,871,2025-12-19,2026-08-11,False,2026-05-14 18:01:51.890069
PROMO0030,PERCENTAGE,489,938,2025-08-05,2026-07-23,False,2026-05-14 18:01:51.890069
PROMO0031,PERCENTAGE,385,575,2026-01-15,2026-07-24,True,2026-05-14 18:01:51.890069
PROMO0032,FREE_DELIVERY,483,299,2025-08-21,2026-05-31,False,2026-05-14 18:01:51.890069
PROMO0033,PERCENTAGE,350,547,2025-09-12,2026-07-26,False,2026-05-14 18:01:51.890069
PROMO0034,PERCENTAGE,257,442,2025-07-16,2026-07-22,True,2026-05-14 18:01:51.890069
PROMO0035,PERCENTAGE,158,976,2025-09-21,2026-07-30,False,2026-05-14 18:01:51.890069
PROMO0036,PERCENTAGE,321,473,2025-12-09,2026-07-08,False,2026-05-14 18:01:51.890069
PROMO0037,FREE_DELIVERY,146,257,2025-09-05,2026-05-20,False,2026-05-14 18:01:51.890069
PROMO0038,FREE_DELIVERY,74,262,2025-11-20,2026-07-27,False,2026-05-14 18:01:51.890069
PROMO0039,FREE_DELIVERY,269,872,2025-09-08,2026-07-26,False,2026-05-14 18:01:51.890069
PROMO0040,PERCENTAGE,178,211,2025-05-24,2026-07-15,False,2026-05-14 18:01:51.890069
PROMO0041,FLAT,336,355,2025-11-24,2026-07-02,True,2026-05-14 18:01:51.890069
PROMO0042,PERCENTAGE,69,241,2026-01-25,2026-05-23,True,2026-05-14 18:01:51.890069
PROMO0043,PERCENTAGE,119,755,2026-04-06,2026-05-26,False,2026-05-14 18:01:51.890069
PROMO0044,FREE_DELIVERY,438,465,2025-07-26,2026-06-15,True,2026-05-14 18:01:51.891653
PROMO0045,PERCENTAGE,486,674,2025-07-22,2026-05-24,False,2026-05-14 18:01:51.891653
PROMO0046,FREE_DELIVERY,87,751,2026-04-01,2026-06-06,False,2026-05-14 18:01:51.891653
PROMO0047,FREE_DELIVERY,366,396,2026-01-08,2026-08-10,True,2026-05-14 18:01:51.891653
PROMO0048,FREE_DELIVERY,421,391,2025-06-25,2026-06-03,True,2026-05-14 18:01:51.891653
PROMO0049,FLAT,199,729,2026-01-01,2026-06-13,True,2026-05-14 18:01:51.891653
PROMO0050,FREE_DELIVERY,361,326,2025-08-23,2026-07-24,True,2026-05-14 18:01:51.891653
PROMO0051,FREE_DELIVERY,261,772,2025-05-14,2026-07-23,True,2026-05-14 18:01:51.891653
PROMO0052,FREE_DELIVERY,80,264,2025-12-12,2026-05-14,True,2026-05-14 18:01:51.891653
PROMO0053,PERCENTAGE,271,703,2025-09-08,2026-08-08,True,2026-05-14 18:01:51.891653
PROMO0054,FLAT,364,274,2026-02-15,2026-07-02,True,2026-05-14 18:01:51.891653
PROMO0055,FLAT,264,876,2026-03-20,2026-06-05,False,2026-05-14 18:01:51.891653
PROMO0056,PERCENTAGE,355,817,2025-05-30,2026-07-30,True,2026-05-14 18:01:51.891653
PROMO0057,FREE_DELIVERY,269,375,2026-02-05,2026-05-15,True,2026-05-14 18:01:51.891653
PROMO0058,PERCENTAGE,432,246,2025-12-21,2026-06-27,True,2026-05-14 18:01:51.891653
PROMO0059,FLAT,483,871,2026-03-20,2026-07-15,True,2026-05-14 18:01:51.891653
PROMO0060,PERCENTAGE,79,412,2026-03-23,2026-06-12,True,2026-05-14 18:01:51.891653
PROMO0061,FREE_DELIVERY,87,351,2025-10-11,2026-06-19,False,2026-05-14 18:01:51.891653
PROMO0062,FLAT,331,823,2025-12-06,2026-08-05,True,2026-05-14 18:01:51.891653
PROMO0063,FREE_DELIVERY,412,740,2025-06-30,2026-06-23,True,2026-05-14 18:01:51.891653
PROMO0064,FLAT,140,579,2025-05-30,2026-05-21,False,2026-05-14 18:01:51.892852
PROMO0065,PERCENTAGE,322,676,2025-10-23,2026-05-30,False,2026-05-14 18:01:51.892852
PROMO0066,PERCENTAGE,479,405,2026-01-10,2026-07-24,True,2026-05-14 18:01:51.892852
PROMO0067,FLAT,285,581,2026-01-17,2026-08-03,True,2026-05-14 18:01:51.892852
PROMO0068,FLAT,490,349,2025-06-08,2026-06-21,True,2026-05-14 18:01:51.892852
PROMO0069,FREE_DELIVERY,433,787,2025-12-21,2026-07-18,False,2026-05-14 18:01:51.892852
PROMO0070,FREE_DELIVERY,242,308,2025-06-21,2026-07-09,False,2026-05-14 18:01:51.892852
PROMO0071,FLAT,360,792,2025-06-12,2026-07-21,False,2026-05-14 18:01:51.892852
PROMO0072,FLAT,112,276,2025-07-23,2026-05-23,True,2026-05-14 18:01:51.892852
PROMO0073,FLAT,323,913,2025-06-29,2026-06-19,False,2026-05-14 18:01:51.892852
PROMO0074,FREE_DELIVERY,404,373,2026-03-06,2026-07-30,True,2026-05-14 18:01:51.892852
PROMO0075,PERCENTAGE,432,372,2025-07-09,2026-05-16,True,2026-05-14 18:01:51.892852
PROMO0076,FLAT,224,435,2025-10-18,2026-07-15,False,2026-05-14 18:01:51.892852
PROMO0077,FREE_DELIVERY,500,914,2025-12-19,2026-06-01,True,2026-05-14 18:01:51.892852
PROMO0078,FLAT,424,366,2025-05-15,2026-06-20,False,2026-05-14 18:01:51.892852
PROMO0079,FREE_DELIVERY,256,929,2025-08-12,2026-08-08,False,2026-05-14 18:01:51.892852
PROMO0080,FLAT,87,346,2026-03-31,2026-05-16,False,2026-05-14 18:01:51.892852
PROMO0081,FREE_DELIVERY,482,708,2025-09-02,2026-05-17,False,2026-05-14 18:01:51.893859
PROMO0082,FREE_DELIVERY,329,514,2025-12-16,2026-05-31,True,2026-05-14 18:01:51.893859
PROMO0083,FLAT,199,266,2025-05-13,2026-06-06,False,2026-05-14 18:01:51.893859
PROMO0084,FLAT,266,740,2025-05-18,2026-06-15,True,2026-05-14 18:01:51.893859
PROMO0085,FREE_DELIVERY,393,728,2025-09-24,2026-07-31,False,2026-05-14 18:01:51.893859
PROMO0086,PERCENTAGE,159,209,2026-02-01,2026-06-11,False,2026-05-14 18:01:51.893859
PROMO0087,PERCENTAGE,423,985,2026-01-24,2026-07-30,True,2026-05-14 18:01:51.893859
PROMO0088,PERCENTAGE,139,837,2025-07-15,2026-07-07,True,2026-05-14 18:01:51.893859
PROMO0089,FLAT,274,774,2025-09-25,2026-07-16,False,2026-05-14 18:01:51.893859
PROMO0090,FLAT,294,623,2025-09-11,2026-06-01,False,2026-05-14 18:01:51.893859
PROMO0091,FLAT,330,857,2025-09-05,2026-08-05,False,2026-05-14 18:01:51.894440
PROMO0092,PERCENTAGE,273,625,2025-08-17,2026-06-21,True,2026-05-14 18:01:51.894440
PROMO0093,FREE_DELIVERY,90,897,2025-08-04,2026-07-06,True,2026-05-14 18:01:51.894440
PROMO0094,PERCENTAGE,329,464,2026-03-12,2026-06-14,False,2026-05-14 18:01:51.894440
PROMO0095,FLAT,403,771,2025-12-17,2026-07-26,False,2026-05-14 18:01:51.894440
PROMO0096,FREE_DELIVERY,439,860,2025-06-25,2026-08-10,False,2026-05-14 18:01:51.894440
PROMO0097,FLAT,330,991,2025-06-24,2026-07-19,False,2026-05-14 18:01:51.894440
PROMO0098,FREE_DELIVERY,232,900,2025-08-02,2026-06-28,True,2026-05-14 18:01:51.894440
PROMO0099,FLAT,208,475,2025-12-13,2026-07-18,True,2026-05-14 18:01:51.894440
PROMO0100,FLAT,406,915,2026-02-11,2026-07-07,True,2026-05-14 18:01:51.894440
PROMO0101,FREE_DELIVERY,315,416,2025-12-03,2026-06-15,True,2026-05-14 18:01:51.894440
PROMO0102,FREE_DELIVERY,289,970,2025-12-15,2026-07-22,False,2026-05-14 18:01:51.894440
PROMO0103,FREE_DELIVERY,319,907,2025-09-18,2026-06-29,False,2026-05-14 18:01:51.894440
PROMO0104,FLAT,476,363,2025-12-19,2026-08-07,True,2026-05-14 18:01:51.894440
PROMO0105,PERCENTAGE,468,323,2026-03-12,2026-05-29,True,2026-05-14 18:01:51.894440
PROMO0106,PERCENTAGE,62,572,2026-03-28,2026-07-09,True,2026-05-14 18:01:51.894440
PROMO0107,FREE_DELIVERY,79,600,2025-12-07,2026-05-31,False,2026-05-14 18:01:51.894440
PROMO0108,PERCENTAGE,55,421,2025-12-13,2026-06-01,True,2026-05-14 18:01:51.894440
PROMO0109,FREE_DELIVERY,178,487,2025-12-05,2026-06-29,True,2026-05-14 18:01:51.895516
PROMO0110,PERCENTAGE,197,813,2025-05-16,2026-07-28,False,2026-05-14 18:01:51.895516
PROMO0111,FLAT,65,733,2025-10-27,2026-07-09,True,2026-05-14 18:01:51.895516
PROMO0112,FLAT,366,879,2025-08-01,2026-08-10,True,2026-05-14 18:01:51.895516
PROMO0113,PERCENTAGE,343,335,2025-11-16,2026-06-08,True,2026-05-14 18:01:51.895516
PROMO0114,FLAT,190,787,2025-09-14,2026-07-12,True,2026-05-14 18:01:51.895516
PROMO0115,PERCENTAGE,398,886,2025-12-26,2026-06-05,True,2026-05-14 18:01:51.895516
PROMO0116,PERCENTAGE,323,735,2026-04-07,2026-06-22,False,2026-05-14 18:01:51.895516
PROMO0117,FREE_DELIVERY,388,959,2025-12-15,2026-06-24,False,2026-05-14 18:01:51.895516
PROMO0118,FREE_DELIVERY,384,234,2025-08-08,2026-07-27,False,2026-05-14 18:01:51.895516
PROMO0119,FREE_DELIVERY,62,472,2025-07-25,2026-07-09,False,2026-05-14 18:01:51.896101
PROMO0120,FREE_DELIVERY,66,294,2026-01-29,2026-08-03,False,2026-05-14 18:01:51.896101
PROMO0121,PERCENTAGE,73,490,2026-03-14,2026-06-16,False,2026-05-14 18:01:51.896101
PROMO0122,PERCENTAGE,265,677,2025-08-29,2026-07-05,False,2026-05-14 18:01:51.896101
PROMO0123,FLAT,213,491,2025-06-16,2026-06-20,False,2026-05-14 18:01:51.896101
PROMO0124,PERCENTAGE,359,941,2026-01-30,2026-05-22,True,2026-05-14 18:01:51.896101
PROMO0125,FLAT,262,834,2025-07-29,2026-06-22,True,2026-05-14 18:01:51.896101
PROMO0126,FLAT,99,376,2025-06-26,2026-07-15,True,2026-05-14 18:01:51.896101
PROMO0127,PERCENTAGE,346,964,2026-02-25,2026-06-02,True,2026-05-14 18:01:51.896101
PROMO0128,PERCENTAGE,107,452,2025-11-09,2026-05-24,True,2026-05-14 18:01:51.896101
PROMO0129,FREE_DELIVERY,432,445,2025-11-20,2026-07-28,True,2026-05-14 18:01:51.896101
PROMO0130,PERCENTAGE,457,960,2026-04-03,2026-07-29,True,2026-05-14 18:01:51.896101
PROMO0131,PERCENTAGE,230,880,2025-10-09,2026-08-09,True,2026-05-14 18:01:51.896101
PROMO0132,FLAT,179,428,2025-08-21,2026-06-20,False,2026-05-14 18:01:51.896101
PROMO0133,FREE_DELIVERY,220,890,2025-12-07,2026-07-20,False,2026-05-14 18:01:51.896101
PROMO0134,FREE_DELIVERY,210,201,2025-12-13,2026-05-22,True,2026-05-14 18:01:51.896101
PROMO0135,FREE_DELIVERY,187,718,2025-09-04,2026-06-21,True,2026-05-14 18:01:51.896101
PROMO0136,FLAT,407,320,2025-07-22,2026-07-05,False,2026-05-14 18:01:51.897217
PROMO0137,FREE_DELIVERY,317,303,2025-08-05,2026-07-23,False,2026-05-14 18:01:51.897217
PROMO0138,FREE_DELIVERY,86,464,2025-09-02,2026-06-29,False,2026-05-14 18:01:51.897217
PROMO0139,PERCENTAGE,463,808,2025-12-26,2026-06-26,True,2026-05-14 18:01:51.897217
PROMO0140,FREE_DELIVERY,472,199,2025-10-31,2026-06-10,True,2026-05-14 18:01:51.897217
PROMO0141,FREE_DELIVERY,201,696,2026-03-19,2026-05-17,True,2026-05-14 18:01:51.897217
PROMO0142,PERCENTAGE,386,527,2026-02-06,2026-07-08,False,2026-05-14 18:01:51.897217
PROMO0143,PERCENTAGE,469,913,2026-04-10,2026-05-30,False,2026-05-14 18:01:51.897217
PROMO0144,PERCENTAGE,224,951,2025-12-14,2026-07-20,False,2026-05-14 18:01:51.897217
PROMO0145,PERCENTAGE,183,856,2026-03-19,2026-07-19,True,2026-05-14 18:01:51.897217
PROMO0146,FLAT,183,460,2025-11-25,2026-07-10,True,2026-05-14 18:01:51.897217
PROMO0147,FREE_DELIVERY,491,744,2026-02-08,2026-07-23,True,2026-05-14 18:01:51.897217
PROMO0148,FLAT,358,503,2025-06-28,2026-06-03,False,2026-05-14 18:01:51.897217
PROMO0149,PERCENTAGE,77,385,2025-06-18,2026-07-31,True,2026-05-14 18:01:51.897217
PROMO0150,PERCENTAGE,349,332,2026-01-01,2026-06-29,False,2026-05-14 18:01:51.897217
PROMO0151,FREE_DELIVERY,77,364,2025-11-15,2026-07-29,False,2026-05-14 18:01:51.897217
PROMO0152,FREE_DELIVERY,260,229,2025-11-22,2026-07-05,True,2026-05-14 18:01:51.897217
PROMO0153,FREE_DELIVERY,396,602,2025-08-29,2026-06-13,True,2026-05-14 18:01:51.897217
PROMO0154,PERCENTAGE,341,924,2025-10-29,2026-06-10,False,2026-05-14 18:01:51.898218
PROMO0155,PERCENTAGE,404,875,2025-09-05,2026-05-31,True,2026-05-14 18:01:51.898218
PROMO0156,FREE_DELIVERY,55,282,2025-09-03,2026-06-14,True,2026-05-14 18:01:51.898218
PROMO0157,PERCENTAGE,341,908,2026-01-17,2026-08-06,False,2026-05-14 18:01:51.898218
PROMO0158,FLAT,357,472,2025-09-10,2026-05-24,True,2026-05-14 18:01:51.898218
PROMO0159,FLAT,119,690,2025-05-15,2026-05-15,False,2026-05-14 18:01:51.898218
PROMO0160,FREE_DELIVERY,369,809,2026-03-06,2026-07-22,True,2026-05-14 18:01:51.898218
PROMO0161,FREE_DELIVERY,424,225,2025-06-12,2026-05-30,False,2026-05-14 18:01:51.898218
PROMO0162,PERCENTAGE,239,428,2026-01-03,2026-08-02,True,2026-05-14 18:01:51.898218
PROMO0163,FLAT,83,590,2025-10-21,2026-05-25,False,2026-05-14 18:01:51.898218
PROMO0164,FREE_DELIVERY,216,994,2025-10-04,2026-07-29,False,2026-05-14 18:01:51.898218
PROMO0165,PERCENTAGE,149,427,2026-03-25,2026-05-29,True,2026-05-14 18:01:51.898218
PROMO0166,PERCENTAGE,287,994,2025-12-05,2026-06-12,False,2026-05-14 18:01:51.898804
PROMO0167,PERCENTAGE,132,826,2025-05-26,2026-07-30,False,2026-05-14 18:01:51.898804
PROMO0168,PERCENTAGE,140,897,2025-11-28,2026-07-20,True,2026-05-14 18:01:51.898804
PROMO0169,PERCENTAGE,349,975,2025-06-10,2026-05-26,True,2026-05-14 18:01:51.898804
PROMO0170,FREE_DELIVERY,244,629,2025-11-14,2026-07-17,False,2026-05-14 18:01:51.898804
PROMO0171,FREE_DELIVERY,221,316,2025-08-04,2026-07-14,True,2026-05-14 18:01:51.898804
PROMO0172,FLAT,101,807,2025-06-25,2026-08-10,True,2026-05-14 18:01:51.898804
PROMO0173,PERCENTAGE,454,510,2026-03-07,2026-06-28,False,2026-05-14 18:01:51.898804
PROMO0174,FREE_DELIVERY,481,948,2025-10-26,2026-07-11,True,2026-05-14 18:01:51.898804
PROMO0175,FREE_DELIVERY,273,630,2025-07-24,2026-07-04,False,2026-05-14 18:01:51.898804
PROMO0176,FLAT,256,451,2026-03-27,2026-07-12,True,2026-05-14 18:01:51.898804
PROMO0177,FREE_DELIVERY,138,284,2025-10-04,2026-07-20,True,2026-05-14 18:01:51.898804
PROMO0178,PERCENTAGE,91,927,2025-09-12,2026-05-23,False,2026-05-14 18:01:51.898804
PROMO0179,FREE_DELIVERY,131,528,2025-12-22,2026-07-06,False,2026-05-14 18:01:51.898804
PROMO0180,FLAT,430,499,2026-02-09,2026-06-01,True,2026-05-14 18:01:51.898804
PROMO0181,PERCENTAGE,442,364,2025-09-21,2026-06-10,False,2026-05-14 18:01:51.898804
PROMO0182,FREE_DELIVERY,239,906,2025-10-21,2026-07-06,True,2026-05-14 18:01:51.898804
PROMO0183,FREE_DELIVERY,338,545,2026-03-26,2026-07-05,True,2026-05-14 18:01:51.898804
PROMO0184,FLAT,294,402,2025-10-10,2026-07-12,False,2026-05-14 18:01:51.898804
PROMO0185,FLAT,238,719,2026-02-07,2026-06-26,False,2026-05-14 18:01:51.898804
PROMO0186,FREE_DELIVERY,420,594,2025-05-25,2026-06-15,True,2026-05-14 18:01:51.898804
PROMO0187,FLAT,402,212,2025-12-09,2026-06-10,False,2026-05-14 18:01:51.898804
PROMO0188,PERCENTAGE,169,748,2026-03-22,2026-07-23,False,2026-05-14 18:01:51.898804
PROMO0189,FREE_DELIVERY,50,234,2025-11-10,2026-06-01,True,2026-05-14 18:01:51.898804
PROMO0190,FLAT,479,778,2025-07-05,2026-07-09,True,2026-05-14 18:01:51.899945
PROMO0191,PERCENTAGE,345,472,2025-06-14,2026-05-22,False,2026-05-14 18:01:51.899945
PROMO0192,FREE_DELIVERY,113,330,2026-03-12,2026-07-18,True,2026-05-14 18:01:51.899945
PROMO0193,PERCENTAGE,388,481,2026-02-21,2026-07-30,False,2026-05-14 18:01:51.899945
PROMO0194,FREE_DELIVERY,469,629,2025-05-17,2026-08-01,True,2026-05-14 18:01:51.899945
PROMO0195,FREE_DELIVERY,217,515,2026-01-11,2026-06-16,False,2026-05-14 18:01:51.899945
PROMO0196,FLAT,337,651,2026-03-03,2026-06-30,True,2026-05-14 18:01:51.899945
PROMO0197,FLAT,143,223,2025-09-24,2026-06-03,True,2026-05-14 18:01:51.899945
PROMO0198,PERCENTAGE,165,478,2025-10-04,2026-06-24,True,2026-05-14 18:01:51.899945
PROMO0199,FREE_DELIVERY,74,323,2025-12-29,2026-05-27,True,2026-05-14 18:01:51.899945
PROMO0200,FLAT,261,619,2025-05-29,2026-07-18,False,2026-05-14 18:01:51.899945
PROMO0201,FREE_DELIVERY,98,910,2026-03-30,2026-07-08,False,2026-05-14 18:01:51.899945
PROMO0202,FREE_DELIVERY,469,345,2025-08-05,2026-07-30,False,2026-05-14 18:01:51.899945
PROMO0203,PERCENTAGE,118,229,2025-09-18,2026-07-30,True,2026-05-14 18:01:51.899945
PROMO0204,FLAT,420,860,2026-02-21,2026-05-30,True,2026-05-14 18:01:51.899945
PROMO0205,FREE_DELIVERY,396,648,2025-05-21,2026-07-12,True,2026-05-14 18:01:51.899945
PROMO0206,FLAT,382,709,2026-02-17,2026-07-08,False,2026-05-14 18:01:51.899945
PROMO0207,FREE_DELIVERY,381,908,2025-07-16,2026-07-06,True,2026-05-14 18:01:51.901068
PROMO0208,FREE_DELIVERY,108,508,2025-11-18,2026-06-02,False,2026-05-14 18:01:51.901068
PROMO0209,FLAT,131,316,2025-05-18,2026-06-25,False,2026-05-14 18:01:51.901068
PROMO0210,FLAT,61,731,2026-01-25,2026-06-09,False,2026-05-14 18:01:51.901068
PROMO0211,PERCENTAGE,263,322,2026-02-10,2026-07-18,False,2026-05-14 18:01:51.901068
PROMO0212,FREE_DELIVERY,260,444,2025-11-07,2026-05-29,False,2026-05-14 18:01:51.901068
PROMO0213,PERCENTAGE,154,871,2025-07-26,2026-08-06,True,2026-05-14 18:01:51.901068
PROMO0214,PERCENTAGE,108,563,2025-09-26,2026-05-31,False,2026-05-14 18:01:51.901068
PROMO0215,FREE_DELIVERY,284,481,2025-06-09,2026-08-02,False,2026-05-14 18:01:51.901068
PROMO0216,FLAT,334,338,2026-02-28,2026-06-13,False,2026-05-14 18:01:51.901068
PROMO0217,FREE_DELIVERY,469,881,2025-08-05,2026-06-29,False,2026-05-14 18:01:51.901068
PROMO0218,FREE_DELIVERY,131,626,2025-07-19,2026-05-28,False,2026-05-14 18:01:51.901068
PROMO0219,PERCENTAGE,330,465,2025-12-31,2026-08-05,False,2026-05-14 18:01:51.901068
PROMO0220,PERCENTAGE,141,215,2025-08-08,2026-08-07,True,2026-05-14 18:01:51.901068
PROMO0221,PERCENTAGE,413,691,2026-02-10,2026-07-04,True,2026-05-14 18:01:51.901068
PROMO0222,FREE_DELIVERY,260,754,2025-11-03,2026-05-20,True,2026-05-14 18:01:51.901068
PROMO0223,FREE_DELIVERY,330,561,2025-08-15,2026-07-27,True,2026-05-14 18:01:51.901068
PROMO0224,PERCENTAGE,94,550,2025-11-16,2026-06-09,True,2026-05-14 18:01:51.901068
PROMO0225,PERCENTAGE,217,903,2025-12-31,2026-06-15,False,2026-05-14 18:01:51.901068
PROMO0226,FREE_DELIVERY,101,999,2025-07-10,2026-06-08,False,2026-05-14 18:01:51.901068
PROMO0227,FLAT,207,811,2026-04-05,2026-06-25,False,2026-05-14 18:01:51.902238
PROMO0228,FLAT,181,480,2026-01-27,2026-06-14,True,2026-05-14 18:01:51.902238
PROMO0229,FLAT,185,782,2025-09-08,2026-05-20,False,2026-05-14 18:01:51.902238
PROMO0230,PERCENTAGE,467,651,2025-12-04,2026-07-18,True,2026-05-14 18:01:51.902238
PROMO0231,PERCENTAGE,382,408,2025-09-17,2026-08-05,True,2026-05-14 18:01:51.902238
PROMO0232,FREE_DELIVERY,395,465,2025-08-19,2026-06-24,True,2026-05-14 18:01:51.902238
PROMO0233,PERCENTAGE,405,762,2026-03-08,2026-06-24,False,2026-05-14 18:01:51.902238
PROMO0234,FLAT,137,503,2025-10-24,2026-06-02,True,2026-05-14 18:01:51.902238
PROMO0235,FLAT,218,498,2025-07-30,2026-07-30,True,2026-05-14 18:01:51.902238
PROMO0236,FLAT,431,978,2025-05-27,2026-07-01,False,2026-05-14 18:01:51.902238
PROMO0237,PERCENTAGE,105,543,2026-01-10,2026-06-25,True,2026-05-14 18:01:51.902238
PROMO0238,FLAT,96,464,2025-07-02,2026-07-08,True,2026-05-14 18:01:51.902238
PROMO0239,FLAT,50,498,2025-11-14,2026-05-15,True,2026-05-14 18:01:51.902238
PROMO0240,FREE_DELIVERY,148,572,2025-10-01,2026-06-17,True,2026-05-14 18:01:51.902238
PROMO0241,PERCENTAGE,485,272,2025-10-31,2026-07-09,True,2026-05-14 18:01:51.902238
PROMO0242,FREE_DELIVERY,363,762,2026-01-19,2026-06-13,False,2026-05-14 18:01:51.902238
PROMO0243,PERCENTAGE,83,236,2025-11-28,2026-07-05,False,2026-05-14 18:01:51.902238
PROMO0244,FLAT,327,277,2025-09-10,2026-06-03,False,2026-05-14 18:01:51.903238
PROMO0245,PERCENTAGE,66,866,2025-05-14,2026-06-12,True,2026-05-14 18:01:51.903238
PROMO0246,FLAT,240,370,2025-07-26,2026-06-17,False,2026-05-14 18:01:51.903238
PROMO0247,PERCENTAGE,214,914,2025-12-08,2026-05-22,False,2026-05-14 18:01:51.903238
PROMO0248,FLAT,343,242,2026-03-24,2026-07-04,True,2026-05-14 18:01:51.903238
PROMO0249,FLAT,139,228,2026-03-04,2026-06-09,False,2026-05-14 18:01:51.903238
PROMO0250,PERCENTAGE,427,251,2025-12-14,2026-07-02,False,2026-05-14 18:01:51.903238
PROMO0251,PERCENTAGE,124,374,2025-06-29,2026-05-21,True,2026-05-14 18:01:51.903238
PROMO0252,FREE_DELIVERY,279,971,2025-06-13,2026-07-25,True,2026-05-14 18:01:51.903238
PROMO0253,PERCENTAGE,374,645,2025-12-09,2026-06-14,False,2026-05-14 18:01:51.903238
PROMO0254,FREE_DELIVERY,67,871,2026-01-08,2026-06-24,False,2026-05-14 18:01:51.903238
PROMO0255,FREE_DELIVERY,485,297,2025-08-07,2026-07-10,False,2026-05-14 18:01:51.903238
PROMO0256,FREE_DELIVERY,227,734,2026-02-05,2026-05-19,True,2026-05-14 18:01:51.903238
PROMO0257,FLAT,328,455,2025-06-10,2026-07-11,True,2026-05-14 18:01:51.903238
PROMO0258,FREE_DELIVERY,82,339,2025-09-08,2026-07-15,False,2026-05-14 18:01:51.903238
PROMO0259,PERCENTAGE,275,686,2026-01-20,2026-06-12,True,2026-05-14 18:01:51.903238
PROMO0260,PERCENTAGE,119,621,2025-12-26,2026-07-04,True,2026-05-14 18:01:51.903238
PROMO0261,FREE_DELIVERY,500,398,2026-03-15,2026-07-11,False,2026-05-14 18:01:51.903238
PROMO0262,FREE_DELIVERY,86,461,2025-12-16,2026-06-02,True,2026-05-14 18:01:51.903238
PROMO0263,FREE_DELIVERY,258,241,2026-01-25,2026-06-07,False,2026-05-14 18:01:51.903238
PROMO0264,FLAT,96,386,2026-01-22,2026-07-31,False,2026-05-14 18:01:51.903238
PROMO0265,PERCENTAGE,119,945,2025-07-29,2026-08-04,True,2026-05-14 18:01:51.904622
PROMO0266,FREE_DELIVERY,454,628,2026-04-08,2026-07-15,True,2026-05-14 18:01:51.904622
PROMO0267,FREE_DELIVERY,180,973,2026-02-19,2026-08-10,False,2026-05-14 18:01:51.905127
PROMO0268,FREE_DELIVERY,364,570,2025-11-12,2026-06-16,False,2026-05-14 18:01:51.905127
PROMO0269,FLAT,168,420,2026-04-04,2026-07-30,False,2026-05-14 18:01:51.905127
PROMO0270,PERCENTAGE,426,931,2025-10-26,2026-05-16,False,2026-05-14 18:01:51.905127
PROMO0271,PERCENTAGE,349,927,2026-01-07,2026-06-20,True,2026-05-14 18:01:51.905127
PROMO0272,PERCENTAGE,494,425,2025-11-29,2026-06-01,False,2026-05-14 18:01:51.905127
PROMO0273,FREE_DELIVERY,341,353,2025-10-05,2026-06-06,False,2026-05-14 18:01:51.905127
PROMO0274,FREE_DELIVERY,193,358,2025-12-03,2026-06-23,True,2026-05-14 18:01:51.905127
PROMO0275,FLAT,92,750,2025-12-11,2026-05-31,False,2026-05-14 18:01:51.905127
PROMO0276,FLAT,62,692,2025-05-27,2026-07-02,True,2026-05-14 18:01:51.905127
PROMO0277,FLAT,334,402,2025-12-05,2026-07-30,True,2026-05-14 18:01:51.905127
PROMO0278,FLAT,279,560,2025-12-10,2026-06-25,True,2026-05-14 18:01:51.905127
PROMO0279,FLAT,57,422,2025-08-20,2026-06-14,False,2026-05-14 18:01:51.906367
PROMO0280,FREE_DELIVERY,133,199,2026-01-24,2026-06-10,False,2026-05-14 18:01:51.906367
PROMO0281,FREE_DELIVERY,207,676,2025-12-17,2026-05-25,True,2026-05-14 18:01:51.906367
PROMO0282,PERCENTAGE,107,249,2025-08-23,2026-05-18,True,2026-05-14 18:01:51.906367
PROMO0283,FREE_DELIVERY,58,276,2025-11-27,2026-06-20,True,2026-05-14 18:01:51.906367
PROMO0284,FREE_DELIVERY,259,957,2025-09-02,2026-07-22,False,2026-05-14 18:01:51.906367
PROMO0285,FLAT,196,553,2025-11-04,2026-07-10,True,2026-05-14 18:01:51.906367
PROMO0286,PERCENTAGE,110,698,2025-10-07,2026-07-23,False,2026-05-14 18:01:51.906367
PROMO0287,FLAT,291,556,2026-02-19,2026-06-07,False,2026-05-14 18:01:51.906367
PROMO0288,PERCENTAGE,105,553,2026-02-08,2026-06-29,True,2026-05-14 18:01:51.906367
PROMO0289,PERCENTAGE,249,716,2026-01-08,2026-06-26,False,2026-05-14 18:01:51.907374
PROMO0290,PERCENTAGE,202,320,2025-12-17,2026-08-07,False,2026-05-14 18:01:51.907374
PROMO0291,PERCENTAGE,148,737,2025-05-20,2026-06-13,True,2026-05-14 18:01:51.907374
PROMO0292,PERCENTAGE,230,612,2025-11-18,2026-07-31,False,2026-05-14 18:01:51.907374
PROMO0293,FREE_DELIVERY,67,274,2025-06-28,2026-08-03,True,2026-05-14 18:01:51.907374
PROMO0294,PERCENTAGE,351,718,2025-06-16,2026-07-08,False,2026-05-14 18:01:51.907374
PROMO0295,FLAT,201,302,2026-01-26,2026-07-22,True,2026-05-14 18:01:51.907374
PROMO0296,FLAT,102,905,2026-04-11,2026-05-24,False,2026-05-14 18:01:51.907374
PROMO0297,FLAT,172,933,2026-03-14,2026-06-17,True,2026-05-14 18:01:51.907374
PROMO0298,PERCENTAGE,190,950,2026-02-25,2026-06-24,True,2026-05-14 18:01:51.907374
PROMO0299,PERCENTAGE,195,859,2025-12-25,2026-05-21,True,2026-05-14 18:01:51.907374
PROMO0300,PERCENTAGE,398,253,2025-10-11,2026-07-02,False,2026-05-14 18:01:51.907374
PROMO0301,FREE_DELIVERY,432,202,2025-10-01,2026-06-12,False,2026-05-14 18:01:51.908888
PROMO0302,PERCENTAGE,204,624,2026-01-24,2026-07-15,False,2026-05-14 18:01:51.908888
PROMO0303,FREE_DELIVERY,366,900,2026-01-25,2026-06-02,False,2026-05-14 18:01:51.908888
PROMO0304,FREE_DELIVERY,402,664,2025-10-27,2026-05-24,True,2026-05-14 18:01:51.908888
PROMO0305,FREE_DELIVERY,240,829,2025-08-19,2026-07-05,True,2026-05-14 18:01:51.908888
PROMO0306,PERCENTAGE,322,426,2026-01-31,2026-05-18,True,2026-05-14 18:01:51.908888
PROMO0307,PERCENTAGE,105,745,2025-05-24,2026-07-14,False,2026-05-14 18:01:51.908888
PROMO0308,PERCENTAGE,304,275,2025-12-23,2026-07-21,False,2026-05-14 18:01:51.908888
PROMO0309,FREE_DELIVERY,461,321,2025-07-05,2026-06-02,False,2026-05-14 18:01:51.909401
PROMO0310,FREE_DELIVERY,326,527,2025-05-26,2026-08-10,False,2026-05-14 18:01:51.909401
PROMO0311,FREE_DELIVERY,266,397,2025-09-15,2026-07-04,False,2026-05-14 18:01:51.909401
PROMO0312,PERCENTAGE,279,585,2025-09-27,2026-07-12,True,2026-05-14 18:01:51.909401
PROMO0313,PERCENTAGE,79,434,2025-05-14,2026-05-22,False,2026-05-14 18:01:51.909401
PROMO0314,PERCENTAGE,269,536,2025-08-24,2026-08-08,True,2026-05-14 18:01:51.921447
PROMO0315,PERCENTAGE,204,842,2025-05-27,2026-06-18,False,2026-05-14 18:01:51.921447
PROMO0316,FREE_DELIVERY,169,615,2025-06-12,2026-05-19,True,2026-05-14 18:01:51.921447
PROMO0317,FREE_DELIVERY,225,874,2026-04-12,2026-07-05,True,2026-05-14 18:01:51.921954
PROMO0318,PERCENTAGE,194,575,2025-10-26,2026-06-03,False,2026-05-14 18:01:51.921954
PROMO0319,PERCENTAGE,151,754,2025-12-27,2026-07-10,False,2026-05-14 18:01:51.921954
PROMO0320,FLAT,393,581,2026-01-04,2026-06-18,False,2026-05-14 18:01:51.921954
PROMO0321,PERCENTAGE,273,386,2025-06-24,2026-08-07,True,2026-05-14 18:01:51.921954
PROMO0322,FLAT,191,210,2025-09-29,2026-05-29,False,2026-05-14 18:01:51.921954
PROMO0323,FLAT,492,276,2026-03-05,2026-06-23,True,2026-05-14 18:01:51.921954
PROMO0324,FREE_DELIVERY,344,604,2025-06-13,2026-07-17,True,2026-05-14 18:01:51.921954
PROMO0325,PERCENTAGE,285,864,2025-07-30,2026-06-17,False,2026-05-14 18:01:51.921954
PROMO0326,PERCENTAGE,355,860,2026-01-01,2026-06-14,True,2026-05-14 18:01:51.921954
PROMO0327,PERCENTAGE,432,296,2026-02-11,2026-06-08,True,2026-05-14 18:01:51.921954
PROMO0328,FREE_DELIVERY,289,930,2025-08-28,2026-06-26,True,2026-05-14 18:01:51.921954
PROMO0329,PERCENTAGE,198,212,2025-07-26,2026-05-22,True,2026-05-14 18:01:51.921954
PROMO0330,FREE_DELIVERY,177,765,2025-07-17,2026-06-10,True,2026-05-14 18:01:51.921954
PROMO0331,FREE_DELIVERY,223,747,2026-01-29,2026-08-03,False,2026-05-14 18:01:51.921954
PROMO0332,PERCENTAGE,488,624,2026-03-16,2026-06-27,False,2026-05-14 18:01:51.922957
PROMO0333,FREE_DELIVERY,315,813,2025-11-26,2026-06-06,False,2026-05-14 18:01:51.922957
PROMO0334,PERCENTAGE,380,282,2025-06-08,2026-07-17,True,2026-05-14 18:01:51.922957
PROMO0335,FREE_DELIVERY,305,357,2025-11-22,2026-07-09,True,2026-05-14 18:01:51.922957
PROMO0336,PERCENTAGE,471,588,2025-09-08,2026-06-26,True,2026-05-14 18:01:51.922957
PROMO0337,FLAT,56,760,2025-05-28,2026-05-21,False,2026-05-14 18:01:51.922957
PROMO0338,FREE_DELIVERY,341,278,2025-11-28,2026-07-26,True,2026-05-14 18:01:51.922957
PROMO0339,PERCENTAGE,487,633,2025-07-11,2026-06-11,False,2026-05-14 18:01:51.922957
PROMO0340,FREE_DELIVERY,191,460,2026-02-20,2026-07-22,False,2026-05-14 18:01:51.922957
PROMO0341,PERCENTAGE,270,353,2026-01-23,2026-07-02,False,2026-05-14 18:01:51.922957
PROMO0342,PERCENTAGE,430,682,2025-07-25,2026-08-11,False,2026-05-14 18:01:51.922957
PROMO0343,FREE_DELIVERY,224,252,2025-06-21,2026-06-22,True,2026-05-14 18:01:51.922957
PROMO0344,FLAT,86,674,2025-11-30,2026-06-22,False,2026-05-14 18:01:51.922957
PROMO0345,FREE_DELIVERY,183,911,2025-06-08,2026-05-18,True,2026-05-14 18:01:51.922957
PROMO0346,PERCENTAGE,81,903,2026-03-02,2026-08-10,True,2026-05-14 18:01:51.922957
PROMO0347,FLAT,374,855,2026-04-06,2026-07-22,False,2026-05-14 18:01:51.922957
PROMO0348,PERCENTAGE,299,814,2025-12-25,2026-05-24,True,2026-05-14 18:01:51.922957
PROMO0349,PERCENTAGE,339,623,2026-03-04,2026-05-15,False,2026-05-14 18:01:51.923957
PROMO0350,FLAT,257,885,2026-02-11,2026-06-29,True,2026-05-14 18:01:51.923957
PROMO0351,PERCENTAGE,176,906,2026-02-27,2026-07-25,False,2026-05-14 18:01:51.923957
PROMO0352,PERCENTAGE,213,400,2025-05-23,2026-07-25,True,2026-05-14 18:01:51.923957
PROMO0353,FLAT,499,619,2025-08-31,2026-06-24,False,2026-05-14 18:01:51.923957
PROMO0354,PERCENTAGE,493,349,2025-11-06,2026-06-16,False,2026-05-14 18:01:51.923957
PROMO0355,FLAT,444,505,2025-09-29,2026-05-27,True,2026-05-14 18:01:51.923957
PROMO0356,PERCENTAGE,192,677,2026-02-12,2026-07-11,False,2026-05-14 18:01:51.923957
PROMO0357,FLAT,241,631,2025-08-20,2026-08-03,True,2026-05-14 18:01:51.923957
PROMO0358,FREE_DELIVERY,73,341,2026-03-12,2026-07-22,False,2026-05-14 18:01:51.923957
PROMO0359,FREE_DELIVERY,397,806,2025-09-23,2026-06-29,False,2026-05-14 18:01:51.923957
PROMO0360,FREE_DELIVERY,328,869,2025-06-12,2026-08-08,False,2026-05-14 18:01:51.923957
PROMO0361,FLAT,448,215,2025-11-23,2026-05-25,True,2026-05-14 18:01:51.923957
PROMO0362,FREE_DELIVERY,307,610,2025-05-29,2026-06-26,False,2026-05-14 18:01:51.923957
PROMO0363,FLAT,297,202,2025-05-26,2026-05-21,True,2026-05-14 18:01:51.923957
PROMO0364,PERCENTAGE,474,529,2025-10-23,2026-05-30,True,2026-05-14 18:01:51.923957
PROMO0365,FREE_DELIVERY,54,900,2025-06-15,2026-05-29,False,2026-05-14 18:01:51.924957
PROMO0366,PERCENTAGE,213,288,2026-02-15,2026-07-18,True,2026-05-14 18:01:51.924957
PROMO0367,PERCENTAGE,68,569,2025-07-01,2026-06-09,False,2026-05-14 18:01:51.924957
PROMO0368,PERCENTAGE,281,213,2025-12-13,2026-05-22,True,2026-05-14 18:01:51.924957
PROMO0369,FLAT,466,998,2025-10-29,2026-06-07,False,2026-05-14 18:01:51.924957
PROMO0370,FREE_DELIVERY,85,295,2025-06-17,2026-06-02,True,2026-05-14 18:01:51.924957
PROMO0371,FREE_DELIVERY,464,425,2025-06-30,2026-07-21,True,2026-05-14 18:01:51.924957
PROMO0372,FREE_DELIVERY,392,826,2025-06-02,2026-06-24,False,2026-05-14 18:01:51.924957
PROMO0373,FLAT,218,689,2025-08-19,2026-07-30,False,2026-05-14 18:01:51.924957
PROMO0374,FREE_DELIVERY,445,827,2025-10-29,2026-07-26,False,2026-05-14 18:01:51.924957
PROMO0375,PERCENTAGE,231,835,2026-04-12,2026-07-10,False,2026-05-14 18:01:51.924957
PROMO0376,PERCENTAGE,435,656,2026-03-01,2026-06-27,False,2026-05-14 18:01:51.924957
PROMO0377,FREE_DELIVERY,362,684,2026-02-08,2026-06-21,True,2026-05-14 18:01:51.924957
PROMO0378,FLAT,267,951,2026-01-09,2026-07-12,True,2026-05-14 18:01:51.924957
PROMO0379,FREE_DELIVERY,112,647,2025-10-01,2026-08-07,True,2026-05-14 18:01:51.924957
PROMO0380,PERCENTAGE,473,284,2025-11-19,2026-06-14,True,2026-05-14 18:01:51.924957
PROMO0381,FREE_DELIVERY,102,807,2026-03-28,2026-06-28,False,2026-05-14 18:01:51.924957
PROMO0382,PERCENTAGE,477,916,2026-01-15,2026-07-02,False,2026-05-14 18:01:51.925957
PROMO0383,FREE_DELIVERY,72,601,2026-03-24,2026-05-16,True,2026-05-14 18:01:51.925957
PROMO0384,FLAT,120,340,2025-11-05,2026-07-27,False,2026-05-14 18:01:51.925957
PROMO0385,FLAT,166,848,2025-12-19,2026-07-21,False,2026-05-14 18:01:51.925957
PROMO0386,FREE_DELIVERY,429,473,2025-12-29,2026-05-31,False,2026-05-14 18:01:51.925957
PROMO0387,FREE_DELIVERY,194,551,2025-07-24,2026-05-25,True,2026-05-14 18:01:51.925957
PROMO0388,FREE_DELIVERY,359,943,2026-01-07,2026-08-08,True,2026-05-14 18:01:51.925957
PROMO0389,FREE_DELIVERY,187,323,2026-03-05,2026-08-04,True,2026-05-14 18:01:51.925957
PROMO0390,FREE_DELIVERY,168,304,2025-10-16,2026-07-06,False,2026-05-14 18:01:51.925957
PROMO0391,PERCENTAGE,434,683,2026-01-30,2026-06-30,True,2026-05-14 18:01:51.925957
PROMO0392,FREE_DELIVERY,411,860,2025-12-28,2026-06-15,True,2026-05-14 18:01:51.925957
PROMO0393,PERCENTAGE,456,685,2025-12-05,2026-06-26,True,2026-05-14 18:01:51.925957
PROMO0394,FREE_DELIVERY,296,978,2026-02-13,2026-07-13,False,2026-05-14 18:01:51.925957
PROMO0395,FREE_DELIVERY,431,739,2026-04-11,2026-05-30,True,2026-05-14 18:01:51.925957
PROMO0396,FREE_DELIVERY,497,725,2026-03-05,2026-07-05,True,2026-05-14 18:01:51.925957
PROMO0397,FREE_DELIVERY,368,876,2025-07-28,2026-06-27,False,2026-05-14 18:01:51.926958
PROMO0398,FREE_DELIVERY,189,507,2025-10-05,2026-07-26,True,2026-05-14 18:01:51.926958
PROMO0399,PERCENTAGE,215,312,2025-07-16,2026-07-15,False,2026-05-14 18:01:51.926958
PROMO0400,FREE_DELIVERY,352,544,2026-01-26,2026-07-13,False,2026-05-14 18:01:51.926958
PROMO0401,PERCENTAGE,466,218,2026-02-25,2026-06-13,True,2026-05-14 18:01:51.926958
PROMO0402,PERCENTAGE,343,561,2026-03-31,2026-07-03,True,2026-05-14 18:01:51.926958
PROMO0403,FREE_DELIVERY,131,933,2026-03-02,2026-07-07,False,2026-05-14 18:01:51.926958
PROMO0404,FREE_DELIVERY,73,467,2025-07-24,2026-05-30,True,2026-05-14 18:01:51.926958
PROMO0405,FREE_DELIVERY,98,356,2025-11-13,2026-08-05,True,2026-05-14 18:01:51.926958
PROMO0406,PERCENTAGE,163,960,2026-04-04,2026-07-13,False,2026-05-14 18:01:51.926958
PROMO0407,FREE_DELIVERY,273,507,2025-09-16,2026-06-18,True,2026-05-14 18:01:51.926958
PROMO0408,PERCENTAGE,258,920,2025-09-07,2026-06-09,True,2026-05-14 18:01:51.926958
PROMO0409,PERCENTAGE,276,815,2025-08-24,2026-06-07,True,2026-05-14 18:01:51.926958
PROMO0410,PERCENTAGE,111,411,2026-01-08,2026-07-19,True,2026-05-14 18:01:51.926958
PROMO0411,FREE_DELIVERY,76,516,2026-03-25,2026-05-21,True,2026-05-14 18:01:51.926958
PROMO0412,FLAT,160,297,2026-01-11,2026-05-18,True,2026-05-14 18:01:51.926958
PROMO0413,FLAT,470,604,2026-03-22,2026-07-14,False,2026-05-14 18:01:51.927957
PROMO0414,FLAT,97,294,2025-09-20,2026-06-28,True,2026-05-14 18:01:51.927957
PROMO0415,FREE_DELIVERY,431,933,2025-09-21,2026-06-11,False,2026-05-14 18:01:51.927957
PROMO0416,PERCENTAGE,349,241,2025-06-24,2026-07-28,True,2026-05-14 18:01:51.927957
PROMO0417,PERCENTAGE,299,861,2025-10-13,2026-07-23,False,2026-05-14 18:01:51.927957
PROMO0418,FLAT,76,312,2025-11-25,2026-07-15,False,2026-05-14 18:01:51.927957
PROMO0419,FLAT,405,326,2026-02-19,2026-07-03,False,2026-05-14 18:01:51.927957
PROMO0420,PERCENTAGE,469,870,2025-08-03,2026-06-19,True,2026-05-14 18:01:51.927957
PROMO0421,FLAT,466,536,2025-10-28,2026-06-13,False,2026-05-14 18:01:51.927957
PROMO0422,PERCENTAGE,222,204,2025-06-15,2026-07-10,True,2026-05-14 18:01:51.927957
PROMO0423,FLAT,236,590,2025-12-30,2026-08-02,False,2026-05-14 18:01:51.927957
PROMO0424,FLAT,240,602,2025-11-16,2026-08-01,True,2026-05-14 18:01:51.927957
PROMO0425,FLAT,435,590,2025-09-28,2026-06-05,True,2026-05-14 18:01:51.927957
PROMO0426,PERCENTAGE,69,739,2025-08-29,2026-05-18,False,2026-05-14 18:01:51.927957
PROMO0427,FLAT,349,698,2025-12-08,2026-07-26,True,2026-05-14 18:01:51.927957
PROMO0428,FREE_DELIVERY,182,709,2025-06-25,2026-07-19,False,2026-05-14 18:01:51.927957
PROMO0429,PERCENTAGE,366,590,2025-12-23,2026-06-13,False,2026-05-14 18:01:51.928957
PROMO0430,FREE_DELIVERY,423,663,2025-08-10,2026-05-30,True,2026-05-14 18:01:51.928957
PROMO0431,FLAT,214,443,2025-08-15,2026-08-01,False,2026-05-14 18:01:51.928957
PROMO0432,PERCENTAGE,374,353,2025-07-28,2026-06-28,True,2026-05-14 18:01:51.928957
PROMO0433,FREE_DELIVERY,396,360,2026-02-24,2026-06-27,True,2026-05-14 18:01:51.928957
PROMO0434,FLAT,270,633,2025-07-26,2026-05-19,False,2026-05-14 18:01:51.928957
PROMO0435,FREE_DELIVERY,231,709,2026-03-01,2026-06-18,False,2026-05-14 18:01:51.928957
PROMO0436,PERCENTAGE,376,644,2026-01-22,2026-08-04,False,2026-05-14 18:01:51.928957
PROMO0437,PERCENTAGE,124,376,2026-03-13,2026-06-26,False,2026-05-14 18:01:51.928957
PROMO0438,PERCENTAGE,471,767,2026-02-17,2026-08-09,True,2026-05-14 18:01:51.928957
PROMO0439,FLAT,289,240,2026-04-07,2026-06-17,False,2026-05-14 18:01:51.928957
PROMO0440,PERCENTAGE,317,785,2025-07-27,2026-08-06,False,2026-05-14 18:01:51.928957
PROMO0441,FREE_DELIVERY,309,988,2026-01-10,2026-07-13,False,2026-05-14 18:01:51.928957
PROMO0442,PERCENTAGE,197,900,2026-04-11,2026-05-30,False,2026-05-14 18:01:51.928957
PROMO0443,FREE_DELIVERY,458,789,2025-10-28,2026-07-19,False,2026-05-14 18:01:51.928957
PROMO0444,FREE_DELIVERY,205,545,2026-01-01,2026-06-23,True,2026-05-14 18:01:51.928957
PROMO0445,PERCENTAGE,59,435,2025-11-11,2026-07-01,True,2026-05-14 18:01:51.929957
PROMO0446,PERCENTAGE,97,785,2025-12-11,2026-08-08,False,2026-05-14 18:01:51.929957
PROMO0447,FREE_DELIVERY,248,396,2025-08-15,2026-07-31,True,2026-05-14 18:01:51.929957
PROMO0448,PERCENTAGE,480,218,2026-02-17,2026-06-15,True,2026-05-14 18:01:51.929957
PROMO0449,PERCENTAGE,120,250,2025-06-03,2026-07-27,False,2026-05-14 18:01:51.929957
PROMO0450,PERCENTAGE,227,290,2026-02-16,2026-06-02,True,2026-05-14 18:01:51.929957
PROMO0451,PERCENTAGE,447,427,2026-04-06,2026-07-12,False,2026-05-14 18:01:51.929957
PROMO0452,PERCENTAGE,304,450,2025-08-24,2026-05-23,True,2026-05-14 18:01:51.929957
PROMO0453,PERCENTAGE,375,479,2025-12-31,2026-07-09,False,2026-05-14 18:01:51.929957
PROMO0454,FLAT,185,203,2026-01-31,2026-07-03,True,2026-05-14 18:01:51.929957
PROMO0455,PERCENTAGE,252,688,2026-04-05,2026-06-16,True,2026-05-14 18:01:51.929957
PROMO0456,PERCENTAGE,224,503,2025-06-13,2026-05-26,False,2026-05-14 18:01:51.929957
PROMO0457,FREE_DELIVERY,201,242,2026-01-18,2026-06-24,False,2026-05-14 18:01:51.929957
PROMO0458,FREE_DELIVERY,487,682,2025-11-17,2026-06-30,True,2026-05-14 18:01:51.929957
PROMO0459,FREE_DELIVERY,229,461,2025-09-25,2026-07-23,False,2026-05-14 18:01:51.929957
PROMO0460,FREE_DELIVERY,177,303,2026-02-01,2026-08-03,True,2026-05-14 18:01:51.929957
PROMO0461,FLAT,230,729,2025-05-31,2026-06-02,True,2026-05-14 18:01:51.930961
PROMO0462,PERCENTAGE,499,937,2026-01-02,2026-07-20,False,2026-05-14 18:01:51.930961
PROMO0463,FREE_DELIVERY,463,710,2026-04-06,2026-08-09,True,2026-05-14 18:01:51.930961
PROMO0464,FREE_DELIVERY,207,706,2026-02-19,2026-06-10,False,2026-05-14 18:01:51.930961
PROMO0465,FREE_DELIVERY,92,207,2025-06-01,2026-07-13,True,2026-05-14 18:01:51.930961
PROMO0466,FLAT,323,283,2025-06-18,2026-06-07,False,2026-05-14 18:01:51.930961
PROMO0467,PERCENTAGE,85,846,2025-09-26,2026-06-15,True,2026-05-14 18:01:51.930961
PROMO0468,FREE_DELIVERY,424,591,2026-04-03,2026-07-10,True,2026-05-14 18:01:51.930961
PROMO0469,FLAT,123,287,2026-03-14,2026-08-08,True,2026-05-14 18:01:51.930961
PROMO0470,FLAT,185,894,2026-03-17,2026-06-10,False,2026-05-14 18:01:51.930961
PROMO0471,FREE_DELIVERY,208,932,2026-01-11,2026-07-07,False,2026-05-14 18:01:51.930961
PROMO0472,PERCENTAGE,341,951,2025-11-21,2026-06-02,False,2026-05-14 18:01:51.930961
PROMO0473,FREE_DELIVERY,435,452,2026-01-07,2026-06-28,False,2026-05-14 18:01:51.930961
PROMO0474,PERCENTAGE,496,488,2025-12-20,2026-06-19,True,2026-05-14 18:01:51.930961
PROMO0475,FLAT,255,564,2026-03-14,2026-08-10,True,2026-05-14 18:01:51.930961
PROMO0476,FREE_DELIVERY,344,262,2025-08-17,2026-08-09,False,2026-05-14 18:01:51.930961
PROMO0477,PERCENTAGE,172,788,2026-01-27,2026-07-31,False,2026-05-14 18:01:51.931960
PROMO0478,FLAT,87,300,2026-01-20,2026-05-26,True,2026-05-14 18:01:51.931960
PROMO0479,PERCENTAGE,243,638,2026-02-18,2026-08-03,True,2026-05-14 18:01:51.931960
PROMO0480,FLAT,107,240,2025-11-23,2026-06-10,False,2026-05-14 18:01:51.931960
PROMO0481,FLAT,426,647,2025-09-01,2026-06-28,True,2026-05-14 18:01:51.931960
PROMO0482,FREE_DELIVERY,91,652,2026-01-12,2026-06-20,True,2026-05-14 18:01:51.931960
PROMO0483,FLAT,136,640,2025-06-05,2026-06-13,False,2026-05-14 18:01:51.931960
PROMO0484,PERCENTAGE,202,732,2026-04-04,2026-07-25,False,2026-05-14 18:01:51.931960
PROMO0485,FLAT,166,368,2025-11-29,2026-07-01,True,2026-05-14 18:01:51.931960
PROMO0486,FLAT,412,875,2026-02-21,2026-07-01,True,2026-05-14 18:01:51.931960
PROMO0487,FLAT,127,967,2025-08-29,2026-05-31,False,2026-05-14 18:01:51.931960
PROMO0488,FREE_DELIVERY,275,575,2026-03-29,2026-06-29,False,2026-05-14 18:01:51.931960
PROMO0489,PERCENTAGE,270,614,2025-09-29,2026-05-21,True,2026-05-14 18:01:51.931960
PROMO0490,FREE_DELIVERY,437,802,2026-01-30,2026-06-11,False,2026-05-14 18:01:51.931960
PROMO0491,PERCENTAGE,118,523,2026-04-05,2026-05-29,False,2026-05-14 18:01:51.931960
PROMO0492,FLAT,270,606,2025-11-09,2026-06-25,False,2026-05-14 18:01:51.932960
PROMO0493,PERCENTAGE,396,809,2025-08-06,2026-07-01,False,2026-05-14 18:01:51.932960
PROMO0494,FREE_DELIVERY,288,822,2026-01-19,2026-07-14,False,2026-05-14 18:01:51.932960
PROMO0495,PERCENTAGE,105,291,2025-07-15,2026-05-25,False,2026-05-14 18:01:51.932960
PROMO0496,FREE_DELIVERY,377,212,2025-09-08,2026-05-17,False,2026-05-14 18:01:51.932960
PROMO0497,FREE_DELIVERY,466,871,2025-05-30,2026-07-15,False,2026-05-14 18:01:51.932960
PROMO0498,FREE_DELIVERY,142,364,2026-01-05,2026-07-30,False,2026-05-14 18:01:51.932960
PROMO0499,PERCENTAGE,457,363,2026-01-25,2026-08-07,True,2026-05-14 18:01:51.932960
PROMO0500,FLAT,472,647,2025-07-02,2026-05-16,False,2026-05-14 18:01:51.932960
